datetime,count
2011-01-17 00:00:00,35.46
2011-01-17 01:00:00,29.27
2011-01-17 02:00:00,26.74
2011-01-17 03:00:00,13.13
2011-01-17 04:00:00,6.79
2011-01-17 05:00:00,7.0
2011-01-17 06:00:00,25.55
2011-01-17 07:00:00,23.65
2011-01-17 08:00:00,32.55
2011-01-17 09:00:00,82.07
2011-01-17 10:00:00,126.11
2011-01-17 11:00:00,139.68
2011-01-17 12:00:00,156.11
2011-01-17 13:00:00,158.86
2011-01-17 14:00:00,156.63
2011-01-17 15:00:00,149.97
2011-01-17 16:00:00,141.41
2011-01-17 17:00:00,124.53
2011-01-17 18:00:00,107.81
2011-01-17 19:00:00,90.58
2011-01-17 20:00:00,69.87
2011-01-17 21:00:00,41.49
2011-01-17 22:00:00,28.96
2011-01-17 23:00:00,32.32
2011-01-18 12:00:00,47.53
2011-01-18 13:00:00,54.26
2011-01-18 14:00:00,62.82
2011-01-18 15:00:00,64.17
2011-01-18 16:00:00,78.09
2011-01-18 17:00:00,190.41
2011-01-18 18:00:00,179.25
2011-01-18 19:00:00,137.96
2011-01-18 20:00:00,99.71
2011-01-18 21:00:00,72.88
2011-01-18 22:00:00,42.54
2011-01-18 23:00:00,41.4
2011-01-19 00:00:00,13.6
2011-01-19 01:00:00,6.59
2011-01-19 02:00:00,3.19
2011-01-19 04:00:00,2.93
2011-01-19 05:00:00,13.98
2011-01-19 06:00:00,40.77
2011-01-19 07:00:00,202.85
2011-01-19 08:00:00,402.99
2011-01-19 09:00:00,161.08
2011-01-19 10:00:00,90.51
2011-01-19 11:00:00,108.43
2011-01-19 12:00:00,96.86
2011-01-19 13:00:00,159.7
2011-01-19 14:00:00,156.28
2011-01-19 15:00:00,163.83
2011-01-19 16:00:00,153.88
2011-01-19 17:00:00,271.32
2011-01-19 18:00:00,223.31
2011-01-19 19:00:00,132.52
2011-01-19 20:00:00,121.52
2011-01-19 21:00:00,93.3
2011-01-19 22:00:00,78.8
2011-01-19 23:00:00,49.83
2011-02-17 00:00:00,34.93
2011-02-17 01:00:00,12.66
2011-02-17 02:00:00,5.49
2011-02-17 03:00:00,4.16
2011-02-17 04:00:00,2.55
2011-02-17 05:00:00,20.63
2011-02-17 06:00:00,89.79
2011-02-17 07:00:00,267.39
2011-02-17 08:00:00,489.06
2011-02-17 09:00:00,252.56
2011-02-17 10:00:00,138.69
2011-02-17 11:00:00,167.78
2011-02-17 12:00:00,179.7
2011-02-17 13:00:00,195.09
2011-02-17 14:00:00,202.65
2011-02-17 15:00:00,244.08
2011-02-17 16:00:00,336.72
2011-02-17 17:00:00,516.16
2011-02-17 18:00:00,518.13
2011-02-17 19:00:00,322.26
2011-02-17 20:00:00,242.09
2011-02-17 21:00:00,212.85
2011-02-17 22:00:00,148.91
2011-02-17 23:00:00,87.41
2011-02-18 00:00:00,42.81
2011-02-18 01:00:00,26.68
2011-02-18 02:00:00,7.92
2011-02-18 03:00:00,2.97
2011-02-18 04:00:00,2.68
2011-02-18 05:00:00,22.68
2011-02-18 06:00:00,92.92
2011-02-18 07:00:00,292.26
2011-02-18 08:00:00,459.81
2011-02-18 09:00:00,241.18
2011-02-18 10:00:00,145.57
2011-02-18 11:00:00,163.24
2011-02-18 12:00:00,196.48
2011-02-18 13:00:00,198.13
2011-02-18 14:00:00,189.42
2011-02-18 15:00:00,184.88
2011-02-18 16:00:00,336.91
2011-02-18 17:00:00,697.29
2011-02-18 18:00:00,621.05
2011-02-18 19:00:00,460.3
2011-02-18 20:00:00,333.32
2011-02-18 21:00:00,237.9
2011-02-18 22:00:00,167.56
2011-02-18 23:00:00,118.02
2011-02-19 00:00:00,72.35
2011-02-19 01:00:00,59.17
2011-02-19 02:00:00,41.48
2011-02-19 03:00:00,26.12
2011-02-19 04:00:00,8.83
2011-02-19 05:00:00,8.66
2011-02-19 06:00:00,9.81
2011-02-19 07:00:00,60.6
2011-02-19 08:00:00,87.72
2011-02-19 09:00:00,179.82
2011-02-19 10:00:00,223.03
2011-02-19 11:00:00,247.38
2011-02-19 12:00:00,253.25
2011-02-19 13:00:00,277.43
2011-02-19 14:00:00,276.71
2011-02-19 15:00:00,268.62
2011-02-19 16:00:00,246.94
2011-02-19 17:00:00,221.0
2011-02-19 18:00:00,226.77
2011-02-19 19:00:00,144.33
2011-02-19 20:00:00,83.23
2011-02-19 21:00:00,66.89
2011-02-19 22:00:00,54.87
2011-02-19 23:00:00,41.71
2011-03-17 00:00:00,26.47
2011-03-17 01:00:00,16.38
2011-03-17 02:00:00,4.24
2011-03-17 03:00:00,4.11
2011-03-17 04:00:00,2.57
2011-03-17 05:00:00,18.08
2011-03-17 06:00:00,83.25
2011-03-17 07:00:00,268.12
2011-03-17 08:00:00,528.28
2011-03-17 09:00:00,254.43
2011-03-17 10:00:00,173.29
2011-03-17 11:00:00,188.81
2011-03-17 12:00:00,210.57
2011-03-17 13:00:00,202.71
2011-03-17 14:00:00,198.39
2011-03-17 15:00:00,237.06
2011-03-17 16:00:00,316.7833333333333
2011-03-17 17:00:00,581.86
2011-03-17 18:00:00,250.42
2011-03-17 19:00:00,248.16
2011-03-17 20:00:00,171.76
2011-03-17 21:00:00,162.82
2011-03-17 22:00:00,106.32
2011-03-17 23:00:00,99.18
2011-03-18 00:00:00,30.91
2011-03-18 01:00:00,15.64
2011-03-18 02:00:00,7.53
2011-03-18 03:00:00,2.67
2011-03-18 05:00:00,22.07
2011-03-18 06:00:00,97.8
2011-03-18 07:00:00,292.21
2011-03-18 08:00:00,520.83
2011-03-18 09:00:00,268.21
2011-03-18 10:00:00,144.96
2011-03-18 11:00:00,200.16
2011-03-18 12:00:00,224.85
2011-03-18 13:00:00,215.63
2011-03-18 14:00:00,232.9633333333333
2011-03-18 15:00:00,233.08
2011-03-18 16:00:00,360.98
2011-03-18 17:00:00,677.16
2011-03-18 18:00:00,715.61
2011-03-18 19:00:00,450.95
2011-03-18 20:00:00,335.06
2011-03-18 21:00:00,262.62
2011-03-18 22:00:00,205.37
2011-03-18 23:00:00,122.29
2011-03-19 00:00:00,110.3
2011-03-19 01:00:00,79.16
2011-03-19 02:00:00,60.07
2011-03-19 03:00:00,29.43
2011-03-19 04:00:00,12.05
2011-03-19 05:00:00,12.11
2011-03-19 06:00:00,11.23
2011-03-19 07:00:00,40.34
2011-03-19 08:00:00,103.25
2011-03-19 09:00:00,173.98
2011-03-19 10:00:00,193.68
2011-03-19 11:00:00,229.5
2011-03-19 12:00:00,246.15
2011-03-19 13:00:00,418.6
2011-03-19 14:00:00,416.56
2011-03-19 15:00:00,430.11
2011-03-19 16:00:00,455.13
2011-03-19 17:00:00,306.15
2011-03-19 18:00:00,235.99
2011-03-19 19:00:00,199.61
2011-03-19 20:00:00,142.13
2011-03-19 21:00:00,97.67
2011-03-19 22:00:00,90.61
2011-03-19 23:00:00,53.92
2011-04-17 00:00:00,41.2
2011-04-17 01:00:00,42.18
2011-04-17 02:00:00,43.31
2011-04-17 03:00:00,22.27
2011-04-17 04:00:00,14.17
2011-04-17 05:00:00,10.0
2011-04-17 06:00:00,22.52
2011-04-17 07:00:00,81.76
2011-04-17 08:00:00,115.06
2011-04-17 09:00:00,226.3
2011-04-17 10:00:00,247.2
2011-04-17 11:00:00,280.79
2011-04-17 12:00:00,322.56
2011-04-17 13:00:00,496.95
2011-04-17 14:00:00,506.94
2011-04-17 15:00:00,502.2
2011-04-17 16:00:00,453.55
2011-04-17 17:00:00,393.15
2011-04-17 18:00:00,361.84
2011-04-17 19:00:00,328.53
2011-04-17 20:00:00,213.67
2011-04-17 21:00:00,173.35
2011-04-17 22:00:00,156.9
2011-04-17 23:00:00,86.18
2011-04-18 00:00:00,38.31
2011-04-18 01:00:00,31.43
2011-04-18 02:00:00,7.48
2011-04-18 03:00:00,5.55
2011-04-18 04:00:00,2.1
2011-04-18 05:00:00,21.92
2011-04-18 06:00:00,94.72
2011-04-18 07:00:00,276.74
2011-04-18 08:00:00,573.32
2011-04-18 09:00:00,314.61333333333334
2011-04-18 10:00:00,152.46
2011-04-18 11:00:00,167.97
2011-04-18 12:00:00,202.53
2011-04-18 13:00:00,200.21
2011-04-18 14:00:00,204.56
2011-04-18 15:00:00,236.36
2011-04-18 16:00:00,356.91
2011-04-18 17:00:00,491.25
2011-04-18 18:00:00,651.66
2011-04-18 19:00:00,435.9
2011-04-18 20:00:00,374.24
2011-04-18 21:00:00,230.8
2011-04-18 22:00:00,143.94
2011-04-18 23:00:00,115.9
2011-04-19 00:00:00,27.22
2011-04-19 01:00:00,23.15
2011-04-19 02:00:00,8.71
2011-04-19 03:00:00,3.98
2011-04-19 04:00:00,3.89
2011-04-19 05:00:00,20.79
2011-04-19 06:00:00,87.07
2011-04-19 07:00:00,299.55
2011-04-19 08:00:00,480.07
2011-04-19 09:00:00,178.14
2011-04-19 10:00:00,115.96
2011-04-19 11:00:00,160.29
2011-04-19 12:00:00,179.49
2011-04-19 13:00:00,175.49
2011-04-19 14:00:00,177.49
2011-04-19 15:00:00,181.18
2011-04-19 16:00:00,337.88
2011-04-19 17:00:00,573.84
2011-04-19 18:00:00,553.58
2011-04-19 19:00:00,418.83
2011-04-19 20:00:00,281.83
2011-04-19 21:00:00,193.04
2011-04-19 22:00:00,154.47
2011-04-19 23:00:00,82.63
2011-05-17 00:00:00,34.12
2011-05-17 01:00:00,19.85
2011-05-17 02:00:00,7.32
2011-05-17 03:00:00,2.65
2011-05-17 04:00:00,3.69
2011-05-17 05:00:00,12.9
2011-05-17 06:00:00,67.72
2011-05-17 07:00:00,242.63
2011-05-17 08:00:00,482.45
2011-05-17 09:00:00,274.7366666666666
2011-05-17 10:00:00,84.02
2011-05-17 11:00:00,121.37
2011-05-17 12:00:00,83.44
2011-05-17 13:00:00,175.96
2011-05-17 14:00:00,163.24
2011-05-17 15:00:00,178.85
2011-05-17 16:00:00,329.46
2011-05-17 17:00:00,538.78
2011-05-17 18:00:00,512.42
2011-05-17 19:00:00,447.53
2011-05-17 20:00:00,211.36
2011-05-17 21:00:00,169.59
2011-05-17 22:00:00,112.75
2011-05-17 23:00:00,79.12
2011-05-18 00:00:00,30.74
2011-05-18 01:00:00,15.31
2011-05-18 02:00:00,7.84
2011-05-18 03:00:00,2.33
2011-05-18 04:00:00,3.45
2011-05-18 05:00:00,18.57
2011-05-18 06:00:00,99.81
2011-05-18 07:00:00,370.92
2011-05-18 08:00:00,465.99
2011-05-18 09:00:00,144.76
2011-05-18 10:00:00,81.08
2011-05-18 11:00:00,112.63
2011-05-18 12:00:00,161.52
2011-05-18 13:00:00,168.09
2011-05-18 14:00:00,184.74
2011-05-18 15:00:00,188.6
2011-05-18 16:00:00,334.6
2011-05-18 17:00:00,589.92
2011-05-18 18:00:00,660.63
2011-05-18 19:00:00,259.32
2011-05-18 20:00:00,168.48
2011-05-18 21:00:00,167.12
2011-05-18 22:00:00,154.97
2011-05-18 23:00:00,90.02
2011-05-19 00:00:00,32.98
2011-05-19 01:00:00,22.56
2011-05-19 02:00:00,10.48
2011-05-19 03:00:00,5.455
2011-05-19 04:00:00,5.34
2011-05-19 05:00:00,23.7
2011-05-19 06:00:00,121.85
2011-05-19 07:00:00,332.25
2011-05-19 08:00:00,616.69
2011-05-19 09:00:00,308.72
2011-05-19 10:00:00,130.06
2011-05-19 11:00:00,94.16
2011-05-19 12:00:00,218.86
2011-05-19 13:00:00,153.02
2011-05-19 14:00:00,136.17
2011-05-19 15:00:00,202.14
2011-05-19 16:00:00,328.7
2011-05-19 17:00:00,424.39
2011-05-19 18:00:00,637.26
2011-05-19 19:00:00,414.52
2011-05-19 20:00:00,348.93
2011-05-19 21:00:00,229.11
2011-05-19 22:00:00,109.35
2011-05-19 23:00:00,101.13
2011-06-17 00:00:00,37.75
2011-06-17 01:00:00,16.85
2011-06-17 02:00:00,10.72
2011-06-17 03:00:00,6.086666666666668
2011-06-17 04:00:00,5.07
2011-06-17 05:00:00,24.07
2011-06-17 06:00:00,116.1
2011-06-17 07:00:00,366.59
2011-06-17 08:00:00,614.08
2011-06-17 09:00:00,222.59
2011-06-17 10:00:00,160.98
2011-06-17 11:00:00,200.56
2011-06-17 12:00:00,253.26333333333332
2011-06-17 13:00:00,202.02
2011-06-17 14:00:00,213.0966666666667
2011-06-17 15:00:00,217.3466666666667
2011-06-17 16:00:00,400.54
2011-06-17 17:00:00,771.52
2011-06-17 18:00:00,757.1
2011-06-17 19:00:00,200.21
2011-06-17 20:00:00,313.6
2011-06-17 21:00:00,256.35
2011-06-17 22:00:00,188.43
2011-06-17 23:00:00,141.18
2011-06-18 00:00:00,118.24
2011-06-18 01:00:00,91.94
2011-06-18 02:00:00,62.65
2011-06-18 03:00:00,29.25
2011-06-18 04:00:00,12.84
2011-06-18 05:00:00,11.15
2011-06-18 06:00:00,20.43
2011-06-18 07:00:00,39.93
2011-06-18 08:00:00,109.13
2011-06-18 09:00:00,242.3
2011-06-18 10:00:00,320.85
2011-06-18 11:00:00,377.19
2011-06-18 12:00:00,454.44
2011-06-18 13:00:00,469.69
2011-06-18 14:00:00,459.48
2011-06-18 15:00:00,438.2
2011-06-18 16:00:00,429.12
2011-06-18 17:00:00,421.66
2011-06-18 18:00:00,374.92
2011-06-18 19:00:00,319.41
2011-06-18 20:00:00,286.84
2011-06-18 21:00:00,236.92
2011-06-18 22:00:00,177.1
2011-06-18 23:00:00,129.65
2011-06-19 00:00:00,132.99
2011-06-19 01:00:00,92.5
2011-06-19 02:00:00,74.39
2011-06-19 03:00:00,34.69
2011-06-19 04:00:00,11.13
2011-06-19 05:00:00,12.37
2011-06-19 06:00:00,26.21
2011-06-19 07:00:00,38.64
2011-06-19 08:00:00,114.47
2011-06-19 09:00:00,250.97
2011-06-19 10:00:00,392.3
2011-06-19 11:00:00,425.6
2011-06-19 12:00:00,456.07
2011-06-19 13:00:00,467.81
2011-06-19 14:00:00,466.48
2011-06-19 15:00:00,468.88
2011-06-19 16:00:00,427.75
2011-06-19 17:00:00,401.02
2011-06-19 18:00:00,348.3
2011-06-19 19:00:00,279.04
2011-06-19 20:00:00,274.64
2011-06-19 21:00:00,211.28
2011-06-19 22:00:00,181.84
2011-06-19 23:00:00,122.73
2011-07-17 00:00:00,142.19
2011-07-17 01:00:00,99.54
2011-07-17 02:00:00,60.4
2011-07-17 03:00:00,35.2
2011-07-17 04:00:00,10.57
2011-07-17 05:00:00,12.78
2011-07-17 06:00:00,26.89
2011-07-17 07:00:00,47.53
2011-07-17 08:00:00,131.25
2011-07-17 09:00:00,217.72
2011-07-17 10:00:00,315.0
2011-07-17 11:00:00,356.78
2011-07-17 12:00:00,403.89
2011-07-17 13:00:00,409.48
2011-07-17 14:00:00,454.95
2011-07-17 15:00:00,413.39
2011-07-17 16:00:00,464.61
2011-07-17 17:00:00,410.32
2011-07-17 18:00:00,406.55
2011-07-17 19:00:00,326.42
2011-07-17 20:00:00,305.06
2011-07-17 21:00:00,239.82
2011-07-17 22:00:00,185.39
2011-07-17 23:00:00,105.52
2011-07-18 00:00:00,51.44
2011-07-18 01:00:00,23.29
2011-07-18 02:00:00,10.01
2011-07-18 03:00:00,6.26
2011-07-18 04:00:00,6.606666666666667
2011-07-18 05:00:00,42.69
2011-07-18 06:00:00,152.39
2011-07-18 07:00:00,384.45
2011-07-18 08:00:00,555.15
2011-07-18 09:00:00,273.8
2011-07-18 10:00:00,186.75
2011-07-18 11:00:00,208.11
2011-07-18 12:00:00,246.81
2011-07-18 13:00:00,226.69
2011-07-18 14:00:00,202.2
2011-07-18 15:00:00,181.21
2011-07-18 16:00:00,300.43
2011-07-18 17:00:00,528.8
2011-07-18 18:00:00,587.59
2011-07-18 19:00:00,487.49333333333334
2011-07-18 20:00:00,355.8
2011-07-18 21:00:00,286.46
2011-07-18 22:00:00,174.9
2011-07-18 23:00:00,96.46
2011-07-19 00:00:00,51.35
2011-07-19 01:00:00,19.72
2011-07-19 02:00:00,13.16
2011-07-19 03:00:00,5.98
2011-07-19 04:00:00,5.59
2011-07-19 05:00:00,35.19
2011-07-19 06:00:00,117.18
2011-07-19 07:00:00,364.07
2011-07-19 08:00:00,504.4
2011-07-19 09:00:00,250.38
2011-07-19 10:00:00,150.05
2011-07-19 11:00:00,189.0
2011-07-19 12:00:00,199.54
2011-07-19 13:00:00,185.51
2011-07-19 14:00:00,187.82
2011-07-19 15:00:00,255.87
2011-07-19 16:00:00,279.4
2011-07-19 17:00:00,684.32
2011-07-19 18:00:00,620.62
2011-07-19 19:00:00,513.59
2011-07-19 20:00:00,397.67
2011-07-19 21:00:00,279.7
2011-07-19 22:00:00,184.97
2011-07-19 23:00:00,108.92
2011-08-17 00:00:00,69.55
2011-08-17 01:00:00,22.7
2011-08-17 02:00:00,9.16
2011-08-17 03:00:00,5.87
2011-08-17 04:00:00,8.278333333333334
2011-08-17 05:00:00,32.88
2011-08-17 06:00:00,139.7
2011-08-17 07:00:00,335.39
2011-08-17 08:00:00,506.056
2011-08-17 09:00:00,275.77
2011-08-17 10:00:00,209.43
2011-08-17 11:00:00,224.4
2011-08-17 12:00:00,204.68
2011-08-17 13:00:00,263.22
2011-08-17 14:00:00,252.89
2011-08-17 15:00:00,256.28
2011-08-17 16:00:00,430.78
2011-08-17 17:00:00,795.58
2011-08-17 18:00:00,636.81
2011-08-17 19:00:00,517.79
2011-08-17 20:00:00,376.51
2011-08-17 21:00:00,302.07
2011-08-17 22:00:00,196.88
2011-08-17 23:00:00,143.6
2011-08-18 00:00:00,54.06
2011-08-18 01:00:00,18.35
2011-08-18 02:00:00,10.72
2011-08-18 03:00:00,8.22
2011-08-18 04:00:00,7.26
2011-08-18 05:00:00,34.31
2011-08-18 06:00:00,139.15
2011-08-18 07:00:00,381.67
2011-08-18 08:00:00,589.6483333333333
2011-08-18 09:00:00,277.6333333333334
2011-08-18 10:00:00,157.18
2011-08-18 11:00:00,200.26
2011-08-18 12:00:00,234.95
2011-08-18 13:00:00,265.44
2011-08-18 14:00:00,183.53
2011-08-18 15:00:00,232.4
2011-08-18 16:00:00,386.06
2011-08-18 17:00:00,666.75
2011-08-18 18:00:00,713.18
2011-08-18 19:00:00,289.4
2011-08-18 20:00:00,276.03
2011-08-18 21:00:00,225.96
2011-08-18 22:00:00,204.28
2011-08-18 23:00:00,122.67
2011-08-19 00:00:00,57.96
2011-08-19 01:00:00,15.75
2011-08-19 02:00:00,7.84
2011-08-19 03:00:00,5.87
2011-08-19 04:00:00,6.79
2011-08-19 05:00:00,38.3
2011-08-19 06:00:00,155.91
2011-08-19 07:00:00,271.89
2011-08-19 08:00:00,601.13
2011-08-19 09:00:00,304.91
2011-08-19 10:00:00,213.59
2011-08-19 11:00:00,194.76
2011-08-19 12:00:00,238.99
2011-08-19 13:00:00,223.18
2011-08-19 14:00:00,207.43
2011-08-19 15:00:00,268.85
2011-08-19 16:00:00,354.98
2011-08-19 17:00:00,606.32
2011-08-19 18:00:00,625.15
2011-08-19 19:00:00,433.09
2011-08-19 20:00:00,140.5
2011-08-19 21:00:00,179.2
2011-08-19 22:00:00,180.03
2011-08-19 23:00:00,73.1
2011-09-17 00:00:00,104.32
2011-09-17 01:00:00,76.81
2011-09-17 02:00:00,54.06
2011-09-17 03:00:00,29.96
2011-09-17 04:00:00,12.15
2011-09-17 05:00:00,11.83
2011-09-17 06:00:00,27.04
2011-09-17 07:00:00,42.56
2011-09-17 08:00:00,101.72
2011-09-17 09:00:00,213.6533333333333
2011-09-17 10:00:00,263.83
2011-09-17 11:00:00,322.82
2011-09-17 12:00:00,360.5
2011-09-17 13:00:00,328.63
2011-09-17 14:00:00,307.44
2011-09-17 15:00:00,309.28
2011-09-17 16:00:00,404.99
2011-09-17 17:00:00,359.87
2011-09-17 18:00:00,338.17
2011-09-17 19:00:00,263.22
2011-09-17 20:00:00,224.36
2011-09-17 21:00:00,173.62
2011-09-17 22:00:00,146.03
2011-09-17 23:00:00,90.38
2011-09-18 00:00:00,111.6
2011-09-18 01:00:00,92.57
2011-09-18 02:00:00,52.78
2011-09-18 03:00:00,25.54
2011-09-18 04:00:00,18.5
2011-09-18 05:00:00,19.17
2011-09-18 06:00:00,24.36
2011-09-18 07:00:00,55.96
2011-09-18 08:00:00,120.68
2011-09-18 09:00:00,216.632
2011-09-18 10:00:00,301.4
2011-09-18 11:00:00,331.33
2011-09-18 12:00:00,396.72
2011-09-18 13:00:00,449.47
2011-09-18 14:00:00,457.99
2011-09-18 15:00:00,457.55
2011-09-18 16:00:00,416.93
2011-09-18 17:00:00,399.41
2011-09-18 18:00:00,329.12
2011-09-18 19:00:00,287.91
2011-09-18 20:00:00,235.14
2011-09-18 21:00:00,192.56
2011-09-18 22:00:00,144.14
2011-09-18 23:00:00,126.61
2011-09-19 00:00:00,44.89
2011-09-19 01:00:00,28.36
2011-09-19 02:00:00,9.05
2011-09-19 03:00:00,6.97
2011-09-19 04:00:00,6.58
2011-09-19 05:00:00,30.04
2011-09-19 06:00:00,174.5
2011-09-19 07:00:00,408.47
2011-09-19 08:00:00,647.6183333333333
2011-09-19 09:00:00,286.68
2011-09-19 10:00:00,160.27
2011-09-19 11:00:00,159.61
2011-09-19 12:00:00,246.58
2011-09-19 13:00:00,268.98
2011-09-19 14:00:00,258.58
2011-09-19 15:00:00,242.26
2011-09-19 16:00:00,384.31
2011-09-19 17:00:00,542.01
2011-09-19 18:00:00,577.35
2011-09-19 19:00:00,463.67
2011-09-19 20:00:00,357.41
2011-09-19 21:00:00,241.03
2011-09-19 22:00:00,165.54
2011-09-19 23:00:00,106.23
2011-10-17 00:00:00,50.23
2011-10-17 01:00:00,21.93
2011-10-17 02:00:00,14.72
2011-10-17 03:00:00,7.75
2011-10-17 04:00:00,6.72
2011-10-17 05:00:00,37.83
2011-10-17 06:00:00,140.31
2011-10-17 07:00:00,367.86
2011-10-17 08:00:00,557.87
2011-10-17 09:00:00,317.75000000000006
2011-10-17 10:00:00,174.32
2011-10-17 11:00:00,224.05
2011-10-17 12:00:00,291.95
2011-10-17 13:00:00,263.85
2011-10-17 14:00:00,228.67
2011-10-17 15:00:00,218.51
2011-10-17 16:00:00,357.46666666666664
2011-10-17 17:00:00,611.75
2011-10-17 18:00:00,593.33
2011-10-17 19:00:00,418.08
2011-10-17 20:00:00,254.52
2011-10-17 21:00:00,190.68
2011-10-17 22:00:00,148.01
2011-10-17 23:00:00,99.23
2011-10-18 00:00:00,57.92
2011-10-18 01:00:00,11.03
2011-10-18 02:00:00,7.73
2011-10-18 03:00:00,4.670285714285715
2011-10-18 04:00:00,5.33
2011-10-18 05:00:00,33.98
2011-10-18 06:00:00,151.06
2011-10-18 07:00:00,397.07
2011-10-18 08:00:00,693.9
2011-10-18 09:00:00,291.93
2011-10-18 10:00:00,175.62
2011-10-18 11:00:00,221.49
2011-10-18 12:00:00,305.06
2011-10-18 13:00:00,311.2
2011-10-18 14:00:00,283.84
2011-10-18 15:00:00,251.86
2011-10-18 16:00:00,344.74666666666667
2011-10-18 17:00:00,633.14
2011-10-18 18:00:00,603.31
2011-10-18 19:00:00,404.42
2011-10-18 20:00:00,290.45
2011-10-18 21:00:00,217.74
2011-10-18 22:00:00,140.1
2011-10-18 23:00:00,96.16
2011-10-19 00:00:00,40.45
2011-10-19 01:00:00,16.18
2011-10-19 02:00:00,10.06
2011-10-19 04:00:00,4.45
2011-10-19 05:00:00,21.68
2011-10-19 06:00:00,109.58
2011-10-19 07:00:00,210.25
2011-10-19 08:00:00,384.04
2011-10-19 09:00:00,129.92
2011-10-19 10:00:00,93.16
2011-10-19 11:00:00,84.95
2011-10-19 12:00:00,80.54
2011-10-19 13:00:00,149.59
2011-10-19 14:00:00,74.4
2011-10-19 15:00:00,66.21
2011-10-19 16:00:00,254.68
2011-10-19 17:00:00,271.72
2011-10-19 18:00:00,265.91
2011-10-19 19:00:00,319.7
2011-10-19 20:00:00,255.55
2011-10-19 21:00:00,207.64
2011-10-19 22:00:00,131.86
2011-10-19 23:00:00,95.52
2011-11-17 00:00:00,30.85
2011-11-17 01:00:00,15.92
2011-11-17 02:00:00,8.65
2011-11-17 03:00:00,5.41
2011-11-17 04:00:00,6.67
2011-11-17 05:00:00,35.76
2011-11-17 06:00:00,112.23
2011-11-17 07:00:00,222.93
2011-11-17 08:00:00,320.42
2011-11-17 09:00:00,305.3
2011-11-17 10:00:00,161.36
2011-11-17 11:00:00,129.94
2011-11-17 12:00:00,205.77
2011-11-17 13:00:00,219.28
2011-11-17 14:00:00,208.83
2011-11-17 15:00:00,229.4
2011-11-17 16:00:00,312.4
2011-11-17 17:00:00,551.56
2011-11-17 18:00:00,542.04
2011-11-17 19:00:00,351.41
2011-11-17 20:00:00,236.16
2011-11-17 21:00:00,130.21
2011-11-17 22:00:00,126.7
2011-11-17 23:00:00,98.92
2011-11-18 00:00:00,37.86
2011-11-18 01:00:00,14.46
2011-11-18 02:00:00,20.26
2011-11-18 03:00:00,7.76
2011-11-18 04:00:00,7.88
2011-11-18 05:00:00,32.87
2011-11-18 06:00:00,129.76
2011-11-18 07:00:00,382.33
2011-11-18 08:00:00,640.29
2011-11-18 09:00:00,300.2633333333333
2011-11-18 10:00:00,202.69
2011-11-18 11:00:00,226.35
2011-11-18 12:00:00,270.66
2011-11-18 13:00:00,262.0
2011-11-18 14:00:00,260.43
2011-11-18 15:00:00,282.99
2011-11-18 16:00:00,341.13
2011-11-18 17:00:00,546.47
2011-11-18 18:00:00,518.67
2011-11-18 19:00:00,357.52
2011-11-18 20:00:00,226.22
2011-11-18 21:00:00,152.55
2011-11-18 22:00:00,121.83
2011-11-18 23:00:00,75.35
2011-11-19 00:00:00,71.96
2011-11-19 01:00:00,65.26
2011-11-19 02:00:00,41.17
2011-11-19 03:00:00,16.8
2011-11-19 04:00:00,6.79
2011-11-19 05:00:00,4.87
2011-11-19 06:00:00,18.67
2011-11-19 07:00:00,53.25
2011-11-19 08:00:00,114.06
2011-11-19 09:00:00,171.18
2011-11-19 10:00:00,244.95
2011-11-19 11:00:00,366.05
2011-11-19 12:00:00,354.38
2011-11-19 13:00:00,350.54
2011-11-19 14:00:00,351.99
2011-11-19 15:00:00,406.41
2011-11-19 16:00:00,385.74
2011-11-19 17:00:00,329.08
2011-11-19 18:00:00,263.06
2011-11-19 19:00:00,223.93
2011-11-19 20:00:00,188.41
2011-11-19 21:00:00,158.01
2011-11-19 22:00:00,138.99
2011-11-19 23:00:00,107.7
2011-12-17 00:00:00,74.28
2011-12-17 01:00:00,72.64
2011-12-17 02:00:00,51.76
2011-12-17 03:00:00,16.06
2011-12-17 04:00:00,6.0
2011-12-17 05:00:00,4.26
2011-12-17 06:00:00,19.41
2011-12-17 07:00:00,47.1
2011-12-17 08:00:00,103.45
2011-12-17 09:00:00,154.24
2011-12-17 10:00:00,226.19
2011-12-17 11:00:00,307.7
2011-12-17 12:00:00,309.52
2011-12-17 13:00:00,318.08
2011-12-17 14:00:00,279.49
2011-12-17 15:00:00,275.88
2011-12-17 16:00:00,252.73
2011-12-17 17:00:00,235.53
2011-12-17 18:00:00,218.84
2011-12-17 19:00:00,152.3
2011-12-17 20:00:00,135.33
2011-12-17 21:00:00,97.82
2011-12-17 22:00:00,88.34
2011-12-17 23:00:00,83.63
2011-12-18 00:00:00,77.62
2011-12-18 01:00:00,67.79
2011-12-18 02:00:00,52.9925
2011-12-18 03:00:00,13.03
2011-12-18 04:00:00,5.94
2011-12-18 05:00:00,5.87
2011-12-18 06:00:00,11.52
2011-12-18 07:00:00,33.41
2011-12-18 08:00:00,76.15
2011-12-18 09:00:00,135.01
2011-12-18 10:00:00,211.0
2011-12-18 11:00:00,301.35
2011-12-18 12:00:00,277.27
2011-12-18 13:00:00,286.18
2011-12-18 14:00:00,294.39
2011-12-18 15:00:00,304.47
2011-12-18 16:00:00,248.02
2011-12-18 17:00:00,229.73
2011-12-18 18:00:00,194.69
2011-12-18 19:00:00,173.42
2011-12-18 20:00:00,131.17
2011-12-18 21:00:00,97.19
2011-12-18 22:00:00,88.66
2011-12-18 23:00:00,81.07
2011-12-19 00:00:00,28.06
2011-12-19 01:00:00,10.74
2011-12-19 02:00:00,8.41
2011-12-19 03:00:00,7.07
2011-12-19 04:00:00,7.495
2011-12-19 05:00:00,21.89
2011-12-19 06:00:00,86.4803888888889
2011-12-19 07:00:00,280.21
2011-12-19 08:00:00,473.26
2011-12-19 09:00:00,284.17
2011-12-19 10:00:00,157.06
2011-12-19 11:00:00,155.95
2011-12-19 12:00:00,156.23
2011-12-19 13:00:00,206.91
2011-12-19 14:00:00,209.03
2011-12-19 15:00:00,214.94
2011-12-19 16:00:00,233.34
2011-12-19 17:00:00,520.07
2011-12-19 18:00:00,475.91
2011-12-19 19:00:00,329.86
2011-12-19 20:00:00,225.54
2011-12-19 21:00:00,166.03
2011-12-19 22:00:00,148.18
2011-12-19 23:00:00,108.21
2012-01-17 00:00:00,14.65
2012-01-17 01:00:00,5.99
2012-01-17 02:00:00,7.68
2012-01-17 04:00:00,3.06
2012-01-17 05:00:00,14.41
2012-01-17 06:00:00,68.67
2012-01-17 07:00:00,197.14
2012-01-17 08:00:00,347.08
2012-01-17 09:00:00,135.53
2012-01-17 10:00:00,99.39
2012-01-17 11:00:00,100.67
2012-01-17 12:00:00,102.45
2012-01-17 13:00:00,92.64
2012-01-17 14:00:00,178.77
2012-01-17 15:00:00,178.05
2012-01-17 16:00:00,221.54
2012-01-17 17:00:00,326.12
2012-01-17 18:00:00,327.51
2012-01-17 19:00:00,280.11
2012-01-17 20:00:00,211.95
2012-01-17 21:00:00,175.53
2012-01-17 22:00:00,135.45
2012-01-17 23:00:00,88.73
2012-01-18 00:00:00,44.62
2012-01-18 01:00:00,26.97
2012-01-18 02:00:00,13.46
2012-01-18 03:00:00,4.52
2012-01-18 04:00:00,4.45
2012-01-18 05:00:00,13.4
2012-01-18 06:00:00,63.4
2012-01-18 07:00:00,219.64
2012-01-18 08:00:00,434.39
2012-01-18 09:00:00,197.69
2012-01-18 10:00:00,144.39
2012-01-18 11:00:00,121.44
2012-01-18 12:00:00,142.53
2012-01-18 13:00:00,153.09
2012-01-18 14:00:00,118.91
2012-01-18 15:00:00,154.85
2012-01-18 16:00:00,190.45
2012-01-18 17:00:00,197.47
2012-01-18 18:00:00,164.94
2012-01-18 19:00:00,125.81
2012-01-18 20:00:00,100.1
2012-01-18 21:00:00,65.83
2012-01-18 22:00:00,54.85
2012-01-18 23:00:00,46.37
2012-01-19 00:00:00,10.09
2012-01-19 01:00:00,4.27
2012-01-19 02:00:00,2.12
2012-01-19 03:00:00,2.1
2012-01-19 04:00:00,2.55
2012-01-19 05:00:00,5.66
2012-01-19 06:00:00,34.37
2012-01-19 07:00:00,88.11
2012-01-19 08:00:00,208.92
2012-01-19 09:00:00,157.8
2012-01-19 10:00:00,53.41
2012-01-19 11:00:00,46.73
2012-01-19 12:00:00,51.36
2012-01-19 13:00:00,58.27
2012-01-19 14:00:00,92.36
2012-01-19 15:00:00,95.56
2012-01-19 16:00:00,119.405
2012-01-19 17:00:00,208.245
2012-01-19 18:00:00,201.525
2012-01-19 19:00:00,151.11
2012-01-19 20:00:00,85.93
2012-01-19 21:00:00,98.54
2012-01-19 22:00:00,63.84
2012-01-19 23:00:00,35.58
2012-02-17 00:00:00,18.76
2012-02-17 01:00:00,5.49
2012-02-17 02:00:00,4.89
2012-02-17 03:00:00,2.22
2012-02-17 04:00:00,2.17
2012-02-17 05:00:00,15.43
2012-02-17 06:00:00,53.82
2012-02-17 07:00:00,199.13
2012-02-17 08:00:00,329.63
2012-02-17 09:00:00,184.42
2012-02-17 10:00:00,86.87
2012-02-17 11:00:00,123.11
2012-02-17 12:00:00,149.08
2012-02-17 13:00:00,169.34
2012-02-17 14:00:00,131.96
2012-02-17 15:00:00,146.33
2012-02-17 16:00:00,193.92
2012-02-17 17:00:00,394.3
2012-02-17 18:00:00,347.0
2012-02-17 19:00:00,302.05
2012-02-17 20:00:00,156.22
2012-02-17 21:00:00,144.58
2012-02-17 22:00:00,106.07
2012-02-17 23:00:00,53.2
2012-02-18 00:00:00,67.32
2012-02-18 01:00:00,56.29
2012-02-18 02:00:00,28.28
2012-02-18 03:00:00,13.36
2012-02-18 04:00:00,3.26
2012-02-18 05:00:00,3.35
2012-02-18 06:00:00,5.07
2012-02-18 07:00:00,37.08
2012-02-18 08:00:00,34.23
2012-02-18 09:00:00,116.55
2012-02-18 10:00:00,177.21
2012-02-18 11:00:00,214.46
2012-02-18 12:00:00,261.11
2012-02-18 13:00:00,294.74
2012-02-18 14:00:00,253.68
2012-02-18 15:00:00,302.79
2012-02-18 16:00:00,274.29
2012-02-18 17:00:00,266.15
2012-02-18 18:00:00,213.48
2012-02-18 19:00:00,194.77
2012-02-18 20:00:00,167.56
2012-02-18 21:00:00,120.9
2012-02-18 22:00:00,80.84
2012-02-18 23:00:00,48.5
2012-02-19 00:00:00,62.93
2012-02-19 01:00:00,55.46
2012-02-19 02:00:00,39.77
2012-02-19 03:00:00,15.55
2012-02-19 04:00:00,6.43
2012-02-19 05:00:00,4.36
2012-02-19 06:00:00,3.52
2012-02-19 07:00:00,18.76
2012-02-19 08:00:00,33.15
2012-02-19 09:00:00,72.72
2012-02-19 10:00:00,167.31
2012-02-19 11:00:00,181.81
2012-02-19 12:00:00,203.24
2012-02-19 13:00:00,209.03
2012-02-19 14:00:00,215.71
2012-02-19 15:00:00,222.37833333333336
2012-02-19 16:00:00,186.66
2012-02-19 17:00:00,145.86
2012-02-19 18:00:00,125.0
2012-02-19 19:00:00,111.18
2012-02-19 20:00:00,74.0
2012-02-19 21:00:00,80.21
2012-02-19 22:00:00,64.8
2012-02-19 23:00:00,21.39
2012-03-17 00:00:00,32.7
2012-03-17 01:00:00,35.4
2012-03-17 02:00:00,33.44
2012-03-17 03:00:00,19.87
2012-03-17 04:00:00,7.72
2012-03-17 05:00:00,6.35
2012-03-17 06:00:00,6.26
2012-03-17 07:00:00,28.14
2012-03-17 08:00:00,90.19
2012-03-17 09:00:00,175.03
2012-03-17 10:00:00,244.47
2012-03-17 11:00:00,235.27
2012-03-17 12:00:00,318.36
2012-03-17 13:00:00,438.65
2012-03-17 14:00:00,451.01
2012-03-17 15:00:00,465.88
2012-03-17 16:00:00,471.07
2012-03-17 17:00:00,430.38
2012-03-17 18:00:00,401.64
2012-03-17 19:00:00,304.0
2012-03-17 20:00:00,236.76
2012-03-17 21:00:00,191.62
2012-03-17 22:00:00,148.17
2012-03-17 23:00:00,102.09
2012-03-18 00:00:00,39.06
2012-03-18 01:00:00,38.81
2012-03-18 02:00:00,35.2
2012-03-18 03:00:00,19.48
2012-03-18 04:00:00,6.41
2012-03-18 05:00:00,6.48
2012-03-18 06:00:00,6.84
2012-03-18 07:00:00,70.53
2012-03-18 08:00:00,117.26
2012-03-18 09:00:00,149.64
2012-03-18 10:00:00,147.54
2012-03-18 11:00:00,184.31
2012-03-18 12:00:00,186.48
2012-03-18 13:00:00,181.37
2012-03-18 14:00:00,250.92
2012-03-18 15:00:00,304.7
2012-03-18 16:00:00,295.36
2012-03-18 17:00:00,365.13
2012-03-18 18:00:00,329.11
2012-03-18 19:00:00,288.42
2012-03-18 20:00:00,186.78
2012-03-18 21:00:00,183.77
2012-03-18 22:00:00,137.38
2012-03-18 23:00:00,103.24
2012-03-19 00:00:00,45.71
2012-03-19 01:00:00,17.36
2012-03-19 02:00:00,6.6
2012-03-19 03:00:00,7.04
2012-03-19 04:00:00,8.19
2012-03-19 05:00:00,18.36
2012-03-19 06:00:00,94.34
2012-03-19 07:00:00,331.78
2012-03-19 08:00:00,612.91
2012-03-19 09:00:00,249.11666666666665
2012-03-19 10:00:00,161.14
2012-03-19 11:00:00,196.94
2012-03-19 12:00:00,225.16
2012-03-19 13:00:00,224.71666666666664
2012-03-19 14:00:00,247.55
2012-03-19 15:00:00,213.46000000000004
2012-03-19 16:00:00,337.61
2012-03-19 17:00:00,635.18
2012-03-19 18:00:00,660.48
2012-03-19 19:00:00,448.51
2012-03-19 20:00:00,321.44
2012-03-19 21:00:00,276.03
2012-03-19 22:00:00,146.9
2012-03-19 23:00:00,99.8
2012-04-17 00:00:00,33.86
2012-04-17 01:00:00,22.25
2012-04-17 02:00:00,9.26
2012-04-17 03:00:00,6.35
2012-04-17 04:00:00,4.32
2012-04-17 05:00:00,16.61
2012-04-17 06:00:00,85.18
2012-04-17 07:00:00,284.3
2012-04-17 08:00:00,548.09
2012-04-17 09:00:00,268.09
2012-04-17 10:00:00,160.41
2012-04-17 11:00:00,195.04
2012-04-17 12:00:00,191.5
2012-04-17 13:00:00,244.3
2012-04-17 14:00:00,234.36
2012-04-17 15:00:00,210.79
2012-04-17 16:00:00,376.99
2012-04-17 17:00:00,627.1
2012-04-17 18:00:00,617.31
2012-04-17 19:00:00,415.14
2012-04-17 20:00:00,367.0
2012-04-17 21:00:00,240.58
2012-04-17 22:00:00,172.35
2012-04-17 23:00:00,130.68
2012-04-18 00:00:00,45.88
2012-04-18 01:00:00,19.3
2012-04-18 02:00:00,11.26
2012-04-18 03:00:00,4.6
2012-04-18 04:00:00,4.36
2012-04-18 05:00:00,18.03
2012-04-18 06:00:00,63.73
2012-04-18 07:00:00,277.64
2012-04-18 08:00:00,332.22
2012-04-18 09:00:00,207.26
2012-04-18 10:00:00,157.43
2012-04-18 11:00:00,152.18
2012-04-18 12:00:00,172.03
2012-04-18 13:00:00,132.04
2012-04-18 14:00:00,141.68
2012-04-18 15:00:00,139.67
2012-04-18 16:00:00,128.57
2012-04-18 17:00:00,268.24
2012-04-18 18:00:00,270.14
2012-04-18 19:00:00,201.64
2012-04-18 20:00:00,146.63
2012-04-18 21:00:00,109.73
2012-04-18 22:00:00,110.55
2012-04-18 23:00:00,121.32
2012-04-19 00:00:00,36.37
2012-04-19 01:00:00,26.21
2012-04-19 02:00:00,11.23
2012-04-19 03:00:00,5.68
2012-04-19 04:00:00,4.48
2012-04-19 05:00:00,21.51
2012-04-19 06:00:00,82.02
2012-04-19 07:00:00,215.99
2012-04-19 08:00:00,421.4
2012-04-19 09:00:00,261.50333333333333
2012-04-19 10:00:00,146.38
2012-04-19 11:00:00,174.97
2012-04-19 12:00:00,200.96
2012-04-19 13:00:00,193.62
2012-04-19 14:00:00,207.83
2012-04-19 15:00:00,191.59
2012-04-19 16:00:00,331.86
2012-04-19 17:00:00,721.23
2012-04-19 18:00:00,730.72
2012-04-19 19:00:00,428.58
2012-04-19 20:00:00,304.11
2012-04-19 21:00:00,212.29
2012-04-19 22:00:00,150.07
2012-04-19 23:00:00,113.46
2012-05-17 00:00:00,50.87
2012-05-17 01:00:00,24.3
2012-05-17 02:00:00,14.02
2012-05-17 03:00:00,6.15
2012-05-17 04:00:00,5.53
2012-05-17 05:00:00,26.62
2012-05-17 06:00:00,105.92
2012-05-17 07:00:00,331.94
2012-05-17 08:00:00,450.79
2012-05-17 09:00:00,269.86
2012-05-17 10:00:00,132.66
2012-05-17 11:00:00,203.01
2012-05-17 12:00:00,203.92
2012-05-17 13:00:00,212.27
2012-05-17 14:00:00,206.53
2012-05-17 15:00:00,215.39666666666665
2012-05-17 16:00:00,360.66
2012-05-17 17:00:00,663.17
2012-05-17 18:00:00,716.09
2012-05-17 19:00:00,492.08
2012-05-17 20:00:00,327.55
2012-05-17 21:00:00,254.28
2012-05-17 22:00:00,205.87
2012-05-17 23:00:00,152.46
2012-05-18 00:00:00,41.47
2012-05-18 01:00:00,26.6
2012-05-18 02:00:00,11.34
2012-05-18 03:00:00,7.0
2012-05-18 04:00:00,8.05
2012-05-18 05:00:00,24.7
2012-05-18 06:00:00,112.5
2012-05-18 07:00:00,339.01
2012-05-18 08:00:00,451.33
2012-05-18 09:00:00,251.61666666666665
2012-05-18 10:00:00,166.46
2012-05-18 11:00:00,214.66
2012-05-18 12:00:00,206.45
2012-05-18 13:00:00,215.41
2012-05-18 14:00:00,212.47333333333333
2012-05-18 15:00:00,208.3833333333333
2012-05-18 16:00:00,365.18
2012-05-18 17:00:00,681.96
2012-05-18 18:00:00,690.35
2012-05-18 19:00:00,456.39
2012-05-18 20:00:00,332.99
2012-05-18 21:00:00,257.81
2012-05-18 22:00:00,164.42
2012-05-18 23:00:00,144.8
2012-05-19 00:00:00,112.01
2012-05-19 01:00:00,86.05
2012-05-19 02:00:00,62.51
2012-05-19 03:00:00,28.09
2012-05-19 04:00:00,10.99
2012-05-19 05:00:00,11.32
2012-05-19 06:00:00,23.65
2012-05-19 07:00:00,52.9
2012-05-19 08:00:00,128.06
2012-05-19 09:00:00,238.78
2012-05-19 10:00:00,369.21
2012-05-19 11:00:00,459.54
2012-05-19 12:00:00,569.74
2012-05-19 13:00:00,586.75
2012-05-19 14:00:00,519.35
2012-05-19 15:00:00,530.19
2012-05-19 16:00:00,485.49
2012-05-19 17:00:00,435.58
2012-05-19 18:00:00,456.12
2012-05-19 19:00:00,371.9
2012-05-19 20:00:00,306.21
2012-05-19 21:00:00,220.31
2012-05-19 22:00:00,211.63
2012-05-19 23:00:00,158.32
2012-06-17 00:00:00,114.2
2012-06-17 01:00:00,96.56
2012-06-17 02:00:00,66.54
2012-06-17 03:00:00,26.36
2012-06-17 04:00:00,12.45
2012-06-17 05:00:00,15.19
2012-06-17 06:00:00,28.28
2012-06-17 07:00:00,69.57
2012-06-17 08:00:00,170.08
2012-06-17 09:00:00,283.5
2012-06-17 10:00:00,362.21
2012-06-17 11:00:00,424.0
2012-06-17 12:00:00,448.87
2012-06-17 13:00:00,519.59
2012-06-17 14:00:00,475.92
2012-06-17 15:00:00,532.83
2012-06-17 16:00:00,501.93
2012-06-17 17:00:00,432.58
2012-06-17 18:00:00,424.51
2012-06-17 19:00:00,360.01
2012-06-17 20:00:00,306.86
2012-06-17 21:00:00,236.57
2012-06-17 22:00:00,222.81
2012-06-17 23:00:00,134.1
2012-06-18 00:00:00,71.17
2012-06-18 01:00:00,24.64
2012-06-18 02:00:00,14.49
2012-06-18 03:00:00,5.29
2012-06-18 04:00:00,5.7
2012-06-18 05:00:00,30.37
2012-06-18 06:00:00,87.41
2012-06-18 07:00:00,133.6
2012-06-18 08:00:00,574.0
2012-06-18 09:00:00,282.0133333333333
2012-06-18 10:00:00,80.63
2012-06-18 11:00:00,146.34
2012-06-18 12:00:00,138.97
2012-06-18 13:00:00,228.38
2012-06-18 14:00:00,231.42
2012-06-18 15:00:00,222.6
2012-06-18 16:00:00,341.16
2012-06-18 17:00:00,628.74
2012-06-18 18:00:00,589.27
2012-06-18 19:00:00,447.4
2012-06-18 20:00:00,327.38
2012-06-18 21:00:00,234.95
2012-06-18 22:00:00,176.75
2012-06-18 23:00:00,110.54
2012-06-19 00:00:00,47.55
2012-06-19 01:00:00,25.63
2012-06-19 02:00:00,13.15
2012-06-19 03:00:00,5.87
2012-06-19 04:00:00,6.7825
2012-06-19 05:00:00,31.2
2012-06-19 06:00:00,131.17
2012-06-19 07:00:00,396.04
2012-06-19 08:00:00,636.87
2012-06-19 09:00:00,280.06
2012-06-19 10:00:00,197.69
2012-06-19 11:00:00,208.72
2012-06-19 12:00:00,256.98
2012-06-19 13:00:00,208.82
2012-06-19 14:00:00,196.65
2012-06-19 15:00:00,227.26
2012-06-19 16:00:00,377.95
2012-06-19 17:00:00,560.92
2012-06-19 18:00:00,545.31
2012-06-19 19:00:00,390.7
2012-06-19 20:00:00,322.64
2012-06-19 21:00:00,250.66
2012-06-19 22:00:00,173.86
2012-06-19 23:00:00,100.54
2012-07-17 00:00:00,39.96
2012-07-17 01:00:00,20.69
2012-07-17 02:00:00,11.55
2012-07-17 03:00:00,5.0
2012-07-17 04:00:00,6.05
2012-07-17 05:00:00,29.38
2012-07-17 06:00:00,118.81
2012-07-17 07:00:00,384.9
2012-07-17 08:00:00,592.11
2012-07-17 09:00:00,229.68
2012-07-17 10:00:00,141.51
2012-07-17 11:00:00,209.84
2012-07-17 12:00:00,284.69
2012-07-17 13:00:00,252.78
2012-07-17 14:00:00,226.83
2012-07-17 15:00:00,242.32
2012-07-17 16:00:00,328.26
2012-07-17 17:00:00,601.88
2012-07-17 18:00:00,621.43
2012-07-17 19:00:00,449.0
2012-07-17 20:00:00,334.55
2012-07-17 21:00:00,284.15
2012-07-17 22:00:00,219.52
2012-07-17 23:00:00,127.9
2012-07-18 00:00:00,72.15
2012-07-18 01:00:00,23.55
2012-07-18 02:00:00,11.85
2012-07-18 03:00:00,4.73
2012-07-18 04:00:00,5.59
2012-07-18 05:00:00,28.23
2012-07-18 06:00:00,120.45
2012-07-18 07:00:00,328.73
2012-07-18 08:00:00,538.02
2012-07-18 09:00:00,210.54
2012-07-18 10:00:00,124.83
2012-07-18 11:00:00,189.47
2012-07-18 12:00:00,223.45
2012-07-18 13:00:00,230.03
2012-07-18 14:00:00,194.61
2012-07-18 15:00:00,209.49
2012-07-18 16:00:00,326.87
2012-07-18 17:00:00,706.44
2012-07-18 18:00:00,726.82
2012-07-18 19:00:00,523.3
2012-07-18 20:00:00,398.18
2012-07-18 21:00:00,231.22
2012-07-18 22:00:00,185.07
2012-07-18 23:00:00,127.21
2012-07-19 00:00:00,53.55
2012-07-19 01:00:00,16.13
2012-07-19 02:00:00,11.62
2012-07-19 03:00:00,5.25
2012-07-19 04:00:00,5.84
2012-07-19 05:00:00,33.89
2012-07-19 06:00:00,115.65
2012-07-19 07:00:00,346.22
2012-07-19 08:00:00,444.84
2012-07-19 09:00:00,237.7
2012-07-19 10:00:00,178.21
2012-07-19 11:00:00,207.22
2012-07-19 12:00:00,220.43
2012-07-19 13:00:00,222.14
2012-07-19 14:00:00,216.6
2012-07-19 15:00:00,224.8
2012-07-19 16:00:00,322.16
2012-07-19 17:00:00,687.45
2012-07-19 18:00:00,633.1
2012-07-19 19:00:00,405.63
2012-07-19 20:00:00,355.4
2012-07-19 21:00:00,119.29
2012-07-19 22:00:00,112.45
2012-07-19 23:00:00,113.69
2012-08-17 00:00:00,55.49
2012-08-17 01:00:00,29.0
2012-08-17 02:00:00,20.79
2012-08-17 03:00:00,7.35
2012-08-17 04:00:00,7.38
2012-08-17 05:00:00,33.54
2012-08-17 06:00:00,131.506
2012-08-17 07:00:00,392.02
2012-08-17 08:00:00,601.76
2012-08-17 09:00:00,260.221
2012-08-17 10:00:00,160.89
2012-08-17 11:00:00,180.49
2012-08-17 12:00:00,243.76
2012-08-17 13:00:00,243.87
2012-08-17 14:00:00,233.07
2012-08-17 15:00:00,255.06
2012-08-17 16:00:00,354.61
2012-08-17 17:00:00,635.26
2012-08-17 18:00:00,618.95
2012-08-17 19:00:00,403.26
2012-08-17 20:00:00,259.41
2012-08-17 21:00:00,161.61
2012-08-17 22:00:00,83.52
2012-08-17 23:00:00,62.35
2012-08-18 00:00:00,115.77
2012-08-18 01:00:00,97.6
2012-08-18 02:00:00,67.42
2012-08-18 03:00:00,31.08
2012-08-18 04:00:00,12.58
2012-08-18 05:00:00,19.43
2012-08-18 06:00:00,22.07
2012-08-18 07:00:00,50.78
2012-08-18 08:00:00,123.9
2012-08-18 09:00:00,223.64
2012-08-18 10:00:00,358.28
2012-08-18 11:00:00,447.67
2012-08-18 12:00:00,531.37
2012-08-18 13:00:00,564.16
2012-08-18 14:00:00,534.51
2012-08-18 15:00:00,544.02
2012-08-18 16:00:00,515.79
2012-08-18 17:00:00,521.17
2012-08-18 18:00:00,506.33
2012-08-18 19:00:00,386.67
2012-08-18 20:00:00,310.01
2012-08-18 21:00:00,202.04
2012-08-18 22:00:00,207.99
2012-08-18 23:00:00,116.83
2012-08-19 00:00:00,141.35
2012-08-19 01:00:00,103.05
2012-08-19 02:00:00,78.53
2012-08-19 03:00:00,40.13
2012-08-19 04:00:00,9.58
2012-08-19 05:00:00,14.97
2012-08-19 06:00:00,23.15
2012-08-19 07:00:00,44.21
2012-08-19 08:00:00,108.26
2012-08-19 09:00:00,230.49
2012-08-19 10:00:00,360.08
2012-08-19 11:00:00,328.43
2012-08-19 12:00:00,419.61
2012-08-19 13:00:00,348.82
2012-08-19 14:00:00,420.82
2012-08-19 15:00:00,458.72
2012-08-19 16:00:00,503.33
2012-08-19 17:00:00,278.15
2012-08-19 18:00:00,269.9
2012-08-19 19:00:00,298.22
2012-08-19 20:00:00,263.34
2012-08-19 21:00:00,182.69
2012-08-19 22:00:00,161.81
2012-08-19 23:00:00,128.22
2012-09-17 00:00:00,51.675
2012-09-17 01:00:00,27.85
2012-09-17 02:00:00,10.25
2012-09-17 03:00:00,6.98
2012-09-17 04:00:00,8.12
2012-09-17 05:00:00,33.31
2012-09-17 06:00:00,180.0
2012-09-17 07:00:00,485.04
2012-09-17 08:00:00,653.3933333333333
2012-09-17 09:00:00,263.89
2012-09-17 10:00:00,187.9
2012-09-17 11:00:00,180.12
2012-09-17 12:00:00,246.07
2012-09-17 13:00:00,217.04
2012-09-17 14:00:00,216.45
2012-09-17 15:00:00,224.06
2012-09-17 16:00:00,393.23
2012-09-17 17:00:00,583.17
2012-09-17 18:00:00,617.13
2012-09-17 19:00:00,442.6
2012-09-17 20:00:00,360.14
2012-09-17 21:00:00,148.19
2012-09-17 22:00:00,143.79
2012-09-17 23:00:00,33.8
2012-09-18 00:00:00,15.96
2012-09-18 01:00:00,6.44
2012-09-18 02:00:00,5.61
2012-09-18 03:00:00,3.47
2012-09-18 04:00:00,4.83
2012-09-18 05:00:00,31.61
2012-09-18 06:00:00,99.2
2012-09-18 07:00:00,277.49
2012-09-18 08:00:00,560.54
2012-09-18 09:00:00,279.33
2012-09-18 10:00:00,173.51
2012-09-18 11:00:00,185.64
2012-09-18 12:00:00,124.31
2012-09-18 13:00:00,178.27
2012-09-18 14:00:00,62.37
2012-09-18 15:00:00,113.21
2012-09-18 16:00:00,215.58
2012-09-18 17:00:00,269.37
2012-09-18 18:00:00,332.89
2012-09-18 19:00:00,296.28
2012-09-18 20:00:00,217.96
2012-09-18 21:00:00,160.16
2012-09-18 22:00:00,101.32
2012-09-18 23:00:00,73.2
2012-09-19 00:00:00,95.03
2012-09-19 01:00:00,19.19
2012-09-19 02:00:00,9.66
2012-09-19 03:00:00,7.55
2012-09-19 04:00:00,7.43
2012-09-19 05:00:00,31.67
2012-09-19 06:00:00,128.4
2012-09-19 07:00:00,391.56
2012-09-19 08:00:00,476.19
2012-09-19 09:00:00,296.5566666666667
2012-09-19 10:00:00,162.25
2012-09-19 11:00:00,217.53
2012-09-19 12:00:00,248.94
2012-09-19 13:00:00,276.38
2012-09-19 14:00:00,282.48
2012-09-19 15:00:00,299.75
2012-09-19 16:00:00,434.12
2012-09-19 17:00:00,893.48
2012-09-19 18:00:00,801.18
2012-09-19 19:00:00,457.89
2012-09-19 20:00:00,264.04
2012-09-19 21:00:00,215.59
2012-09-19 22:00:00,167.22
2012-09-19 23:00:00,111.57
2012-10-17 00:00:00,42.67
2012-10-17 01:00:00,11.96
2012-10-17 02:00:00,7.12
2012-10-17 03:00:00,7.92
2012-10-17 04:00:00,7.05
2012-10-17 05:00:00,30.06
2012-10-17 06:00:00,107.07
2012-10-17 07:00:00,380.96
2012-10-17 08:00:00,571.72
2012-10-17 09:00:00,258.32
2012-10-17 10:00:00,132.1
2012-10-17 11:00:00,181.78
2012-10-17 12:00:00,276.23
2012-10-17 13:00:00,259.56
2012-10-17 14:00:00,262.73
2012-10-17 15:00:00,263.29
2012-10-17 16:00:00,346.60066666666665
2012-10-17 17:00:00,588.47
2012-10-17 18:00:00,634.28
2012-10-17 19:00:00,440.67
2012-10-17 20:00:00,305.05
2012-10-17 21:00:00,176.24
2012-10-17 22:00:00,113.88
2012-10-17 23:00:00,84.18
2012-10-18 00:00:00,42.52
2012-10-18 01:00:00,22.3
2012-10-18 02:00:00,8.05
2012-10-18 03:00:00,5.32
2012-10-18 04:00:00,5.43
2012-10-18 05:00:00,27.85
2012-10-18 06:00:00,98.13
2012-10-18 07:00:00,377.14
2012-10-18 08:00:00,488.59
2012-10-18 09:00:00,290.67
2012-10-18 10:00:00,139.16
2012-10-18 11:00:00,203.46
2012-10-18 12:00:00,292.94
2012-10-18 13:00:00,203.13
2012-10-18 14:00:00,224.47
2012-10-18 15:00:00,268.38
2012-10-18 16:00:00,367.41
2012-10-18 17:00:00,559.96
2012-10-18 18:00:00,563.43
2012-10-18 19:00:00,449.35
2012-10-18 20:00:00,340.36
2012-10-18 21:00:00,203.37
2012-10-18 22:00:00,142.93
2012-10-18 23:00:00,102.23
2012-10-19 00:00:00,29.09
2012-10-19 01:00:00,9.42
2012-10-19 02:00:00,4.65
2012-10-19 03:00:00,8.82
2012-10-19 04:00:00,9.11
2012-10-19 05:00:00,29.27
2012-10-19 06:00:00,80.01
2012-10-19 07:00:00,142.77
2012-10-19 08:00:00,399.23
2012-10-19 09:00:00,250.9
2012-10-19 10:00:00,136.04
2012-10-19 11:00:00,143.79
2012-10-19 12:00:00,264.28
2012-10-19 13:00:00,204.97
2012-10-19 14:00:00,247.0
2012-10-19 15:00:00,206.85
2012-10-19 16:00:00,373.38
2012-10-19 17:00:00,639.88
2012-10-19 18:00:00,441.02
2012-10-19 19:00:00,304.73
2012-10-19 20:00:00,270.54
2012-10-19 21:00:00,187.42
2012-10-19 22:00:00,139.27
2012-10-19 23:00:00,83.0
2012-11-17 00:00:00,76.79
2012-11-17 01:00:00,66.29
2012-11-17 02:00:00,42.105
2012-11-17 03:00:00,11.82
2012-11-17 04:00:00,5.14
2012-11-17 05:00:00,5.39
2012-11-17 06:00:00,18.84
2012-11-17 07:00:00,44.91
2012-11-17 08:00:00,103.08
2012-11-17 09:00:00,223.25
2012-11-17 10:00:00,323.26
2012-11-17 11:00:00,421.54
2012-11-17 12:00:00,444.73
2012-11-17 13:00:00,384.18
2012-11-17 14:00:00,402.18
2012-11-17 15:00:00,358.79
2012-11-17 16:00:00,361.58
2012-11-17 17:00:00,313.77
2012-11-17 18:00:00,246.63
2012-11-17 19:00:00,234.04
2012-11-17 20:00:00,189.44
2012-11-17 21:00:00,137.19
2012-11-17 22:00:00,125.19
2012-11-17 23:00:00,80.13
2012-11-18 00:00:00,74.19
2012-11-18 01:00:00,69.63
2012-11-18 02:00:00,41.81916666666666
2012-11-18 03:00:00,17.07
2012-11-18 04:00:00,7.62
2012-11-18 05:00:00,6.69
2012-11-18 06:00:00,17.21
2012-11-18 07:00:00,59.08833333333334
2012-11-18 08:00:00,103.23
2012-11-18 09:00:00,160.17
2012-11-18 10:00:00,230.66
2012-11-18 11:00:00,307.25
2012-11-18 12:00:00,323.38
2012-11-18 13:00:00,331.49
2012-11-18 14:00:00,350.2
2012-11-18 15:00:00,354.9
2012-11-18 16:00:00,382.11
2012-11-18 17:00:00,334.29
2012-11-18 18:00:00,237.66
2012-11-18 19:00:00,226.78
2012-11-18 20:00:00,181.71
2012-11-18 21:00:00,125.11
2012-11-18 22:00:00,106.47
2012-11-18 23:00:00,101.41
2012-11-19 00:00:00,47.69
2012-11-19 01:00:00,21.02
2012-11-19 02:00:00,9.44
2012-11-19 03:00:00,6.58
2012-11-19 04:00:00,7.5
2012-11-19 05:00:00,35.95
2012-11-19 06:00:00,121.07
2012-11-19 07:00:00,368.76
2012-11-19 08:00:00,526.9
2012-11-19 09:00:00,248.65
2012-11-19 10:00:00,154.76
2012-11-19 11:00:00,139.91
2012-11-19 12:00:00,198.02
2012-11-19 13:00:00,187.28
2012-11-19 14:00:00,185.99
2012-11-19 15:00:00,204.85
2012-11-19 16:00:00,325.5566666666666
2012-11-19 17:00:00,513.94
2012-11-19 18:00:00,509.07
2012-11-19 19:00:00,311.67
2012-11-19 20:00:00,218.5
2012-11-19 21:00:00,151.94
2012-11-19 22:00:00,151.08
2012-11-19 23:00:00,103.2
2012-12-17 00:00:00,31.17
2012-12-17 01:00:00,10.92
2012-12-17 02:00:00,7.47
2012-12-17 03:00:00,5.019285714285714
2012-12-17 04:00:00,3.38
2012-12-17 05:00:00,32.42
2012-12-17 06:00:00,111.47333333333331
2012-12-17 07:00:00,359.23
2012-12-17 08:00:00,451.08
2012-12-17 09:00:00,219.36
2012-12-17 10:00:00,120.11
2012-12-17 11:00:00,139.72
2012-12-17 12:00:00,181.42
2012-12-17 13:00:00,207.58
2012-12-17 14:00:00,190.19
2012-12-17 15:00:00,202.54
2012-12-17 16:00:00,56.13
2012-12-17 17:00:00,395.39
2012-12-17 18:00:00,384.21
2012-12-17 19:00:00,277.26
2012-12-17 20:00:00,204.91
2012-12-17 21:00:00,153.59
2012-12-17 22:00:00,115.31
2012-12-17 23:00:00,57.28
2012-12-18 00:00:00,23.94
2012-12-18 01:00:00,13.32
2012-12-18 02:00:00,7.1
2012-12-18 03:00:00,6.033333333333334
2012-12-18 04:00:00,8.04
2012-12-18 05:00:00,31.7
2012-12-18 06:00:00,107.43333333333332
2012-12-18 07:00:00,366.44
2012-12-18 08:00:00,465.43
2012-12-18 09:00:00,223.1
2012-12-18 10:00:00,138.03
2012-12-18 11:00:00,168.81
2012-12-18 12:00:00,187.14
2012-12-18 13:00:00,254.03
2012-12-18 14:00:00,200.63
2012-12-18 15:00:00,218.91
2012-12-18 16:00:00,348.01
2012-12-18 17:00:00,517.37
2012-12-18 18:00:00,499.47
2012-12-18 19:00:00,336.76
2012-12-18 20:00:00,219.55
2012-12-18 21:00:00,137.27
2012-12-18 22:00:00,127.02
2012-12-18 23:00:00,109.88
2012-12-19 00:00:00,43.54
2012-12-19 01:00:00,19.65
2012-12-19 02:00:00,13.25
2012-12-19 03:00:00,7.805555555555555
2012-12-19 04:00:00,8.024285714285714
2012-12-19 05:00:00,26.69
2012-12-19 06:00:00,97.49099999999999
2012-12-19 07:00:00,289.17
2012-12-19 08:00:00,396.185
2012-12-19 09:00:00,272.40916666666664
2012-12-19 10:00:00,147.59
2012-12-19 11:00:00,151.8
2012-12-19 12:00:00,193.14
2012-12-19 13:00:00,196.69
2012-12-19 14:00:00,190.02
2012-12-19 15:00:00,213.54
2012-12-19 16:00:00,329.37
2012-12-19 17:00:00,513.59
2012-12-19 18:00:00,486.67
2012-12-19 19:00:00,343.55
2012-12-19 20:00:00,226.56
2012-12-19 21:00:00,147.15
2012-12-19 22:00:00,145.05
2012-12-19 23:00:00,92.77
